name,label
angry\201-angry-liuchanhg.wav,angry
angry\201-angry-wangzhe.wav,angry
angry\201-angry-zhaoquanyin.wav,angry
angry\201-angry-ZhaoZuoxiang.wav,angry
angry\202-angry-liuchanhg.wav,angry
angry\202-angry-wangzhe.wav,angry
angry\202-angry-zhaoquanyin.wav,angry
angry\202-angry-ZhaoZuoxiang.wav,angry
angry\203-angry-liuchanhg.wav,angry
angry\203-angry-wangzhe.wav,angry
angry\203-angry-zhaoquanyin.wav,angry
angry\203-angry-ZhaoZuoxiang.wav,angry
angry\204-angry-liuchanhg.wav,angry
angry\204-angry-wangzhe.wav,angry
angry\204-angry-zhaoquanyin.wav,angry
angry\204-angry-ZhaoZuoxiang.wav,angry
angry\205-angry-liuchanhg.wav,angry
angry\205-angry-wangzhe.wav,angry
angry\205-angry-zhaoquanyin.wav,angry
angry\205-angry-ZhaoZuoxiang.wav,angry
angry\206-angry-liuchanhg.wav,angry
angry\206-angry-wangzhe.wav,angry
angry\206-angry-zhaoquanyin.wav,angry
angry\206-angry-ZhaoZuoxiang.wav,angry
angry\207-angry-liuchanhg.wav,angry
angry\207-angry-wangzhe.wav,angry
angry\207-angry-zhaoquanyin.wav,angry
angry\207-angry-ZhaoZuoxiang.wav,angry
angry\208-angry-liuchanhg.wav,angry
angry\208-angry-wangzhe.wav,angry
angry\208-angry-zhaoquanyin.wav,angry
angry\208-angry-ZhaoZuoxiang.wav,angry
angry\209-angry-liuchanhg.wav,angry
angry\209-angry-wangzhe.wav,angry
angry\209-angry-zhaoquanyin.wav,angry
angry\209-angry-ZhaoZuoxiang.wav,angry
angry\210-angry-liuchanhg.wav,angry
angry\210-angry-wangzhe.wav,angry
angry\210-angry-zhaoquanyin.wav,angry
angry\210-angry-ZhaoZuoxiang.wav,angry
angry\211-angry-liuchanhg.wav,angry
angry\211-angry-wangzhe.wav,angry
angry\211-angry-zhaoquanyin.wav,angry
angry\211-angry-ZhaoZuoxiang.wav,angry
angry\212-angry-liuchanhg.wav,angry
angry\212-angry-wangzhe.wav,angry
angry\212-angry-zhaoquanyin.wav,angry
angry\212-angry-ZhaoZuoxiang.wav,angry
angry\213-angry-liuchanhg.wav,angry
angry\213-angry-wangzhe.wav,angry
angry\213-angry-zhaoquanyin.wav,angry
angry\213-angry-ZhaoZuoxiang.wav,angry
angry\214-angry-liuchanhg.wav,angry
angry\214-angry-wangzhe.wav,angry
angry\214-angry-zhaoquanyin.wav,angry
angry\214-angry-ZhaoZuoxiang.wav,angry
angry\215-angry-liuchanhg.wav,angry
angry\215-angry-wangzhe.wav,angry
angry\215-angry-zhaoquanyin.wav,angry
angry\215-angry-ZhaoZuoxiang.wav,angry
angry\216-angry-liuchanhg.wav,angry
angry\216-angry-wangzhe.wav,angry
angry\216-angry-zhaoquanyin.wav,angry
angry\216-angry-ZhaoZuoxiang.wav,angry
angry\217-angry-liuchanhg.wav,angry
angry\217-angry-wangzhe.wav,angry
angry\217-angry-zhaoquanyin.wav,angry
angry\217-angry-ZhaoZuoxiang.wav,angry
angry\218-angry-liuchanhg.wav,angry
angry\218-angry-wangzhe.wav,angry
angry\218-angry-zhaoquanyin.wav,angry
angry\218-angry-ZhaoZuoxiang.wav,angry
angry\219-angry-liuchanhg.wav,angry
angry\219-angry-wangzhe.wav,angry
angry\219-angry-zhaoquanyin.wav,angry
angry\219-angry-ZhaoZuoxiang.wav,angry
angry\220-angry-liuchanhg.wav,angry
angry\220-angry-wangzhe.wav,angry
angry\220-angry-zhaoquanyin.wav,angry
angry\220-angry-ZhaoZuoxiang.wav,angry
angry\221-angry-liuchanhg.wav,angry
angry\221-angry-wangzhe.wav,angry
angry\221-angry-zhaoquanyin.wav,angry
angry\221-angry-ZhaoZuoxiang.wav,angry
angry\222-angry-liuchanhg.wav,angry
angry\222-angry-wangzhe.wav,angry
angry\222-angry-zhaoquanyin.wav,angry
angry\222-angry-ZhaoZuoxiang.wav,angry
angry\223-angry-liuchanhg.wav,angry
angry\223-angry-wangzhe.wav,angry
angry\223-angry-zhaoquanyin.wav,angry
angry\223-angry-ZhaoZuoxiang.wav,angry
angry\224-angry-liuchanhg.wav,angry
angry\224-angry-wangzhe.wav,angry
angry\224-angry-zhaoquanyin.wav,angry
angry\224-angry-ZhaoZuoxiang.wav,angry
angry\225-angry-liuchanhg.wav,angry
angry\225-angry-wangzhe.wav,angry
angry\225-angry-zhaoquanyin.wav,angry
angry\225-angry-ZhaoZuoxiang.wav,angry
angry\226-angry-liuchanhg.wav,angry
angry\226-angry-wangzhe.wav,angry
angry\226-angry-zhaoquanyin.wav,angry
angry\226-angry-ZhaoZuoxiang.wav,angry
angry\227-angry-liuchanhg.wav,angry
angry\227-angry-wangzhe.wav,angry
angry\227-angry-zhaoquanyin.wav,angry
angry\227-angry-ZhaoZuoxiang.wav,angry
angry\228-angry-liuchanhg.wav,angry
angry\228-angry-wangzhe.wav,angry
angry\228-angry-zhaoquanyin.wav,angry
angry\228-angry-ZhaoZuoxiang.wav,angry
angry\229-angry-liuchanhg.wav,angry
angry\229-angry-wangzhe.wav,angry
angry\229-angry-zhaoquanyin.wav,angry
angry\229-angry-ZhaoZuoxiang.wav,angry
angry\230-angry-liuchanhg.wav,angry
angry\230-angry-wangzhe.wav,angry
angry\230-angry-zhaoquanyin.wav,angry
angry\230-angry-ZhaoZuoxiang.wav,angry
angry\231-angry-liuchanhg.wav,angry
angry\231-angry-wangzhe.wav,angry
angry\231-angry-zhaoquanyin.wav,angry
angry\231-angry-ZhaoZuoxiang.wav,angry
angry\232-angry-liuchanhg.wav,angry
angry\232-angry-wangzhe.wav,angry
angry\232-angry-zhaoquanyin.wav,angry
angry\232-angry-ZhaoZuoxiang.wav,angry
angry\233-angry-liuchanhg.wav,angry
angry\233-angry-wangzhe.wav,angry
angry\233-angry-zhaoquanyin.wav,angry
angry\233-angry-ZhaoZuoxiang.wav,angry
angry\234-angry-liuchanhg.wav,angry
angry\234-angry-wangzhe.wav,angry
angry\234-angry-zhaoquanyin.wav,angry
angry\234-angry-ZhaoZuoxiang.wav,angry
angry\235-angry-liuchanhg.wav,angry
angry\235-angry-wangzhe.wav,angry
angry\235-angry-zhaoquanyin.wav,angry
angry\235-angry-ZhaoZuoxiang.wav,angry
angry\236-angry-liuchanhg.wav,angry
angry\236-angry-wangzhe.wav,angry
angry\236-angry-zhaoquanyin.wav,angry
angry\236-angry-ZhaoZuoxiang.wav,angry
angry\237-angry-liuchanhg.wav,angry
angry\237-angry-wangzhe.wav,angry
angry\237-angry-zhaoquanyin.wav,angry
angry\237-angry-ZhaoZuoxiang.wav,angry
angry\238-angry-liuchanhg.wav,angry
angry\238-angry-wangzhe.wav,angry
angry\238-angry-zhaoquanyin.wav,angry
angry\238-angry-ZhaoZuoxiang.wav,angry
angry\239-angry-liuchanhg.wav,angry
angry\239-angry-wangzhe.wav,angry
angry\239-angry-zhaoquanyin.wav,angry
angry\239-angry-ZhaoZuoxiang.wav,angry
angry\240-angry-liuchanhg.wav,angry
angry\240-angry-wangzhe.wav,angry
angry\240-angry-zhaoquanyin.wav,angry
angry\240-angry-ZhaoZuoxiang.wav,angry
angry\241-angry-liuchanhg.wav,angry
angry\241-angry-wangzhe.wav,angry
angry\241-angry-zhaoquanyin.wav,angry
angry\241-angry-ZhaoZuoxiang.wav,angry
angry\242-angry-liuchanhg.wav,angry
angry\242-angry-wangzhe.wav,angry
angry\242-angry-zhaoquanyin.wav,angry
angry\242-angry-ZhaoZuoxiang.wav,angry
angry\243-angry-liuchanhg.wav,angry
angry\243-angry-wangzhe.wav,angry
angry\243-angry-zhaoquanyin.wav,angry
angry\243-angry-ZhaoZuoxiang.wav,angry
angry\244-angry-liuchanhg.wav,angry
angry\244-angry-wangzhe.wav,angry
angry\244-angry-zhaoquanyin.wav,angry
angry\244-angry-ZhaoZuoxiang.wav,angry
angry\245-angry-liuchanhg.wav,angry
angry\245-angry-wangzhe.wav,angry
angry\245-angry-zhaoquanyin.wav,angry
angry\245-angry-ZhaoZuoxiang.wav,angry
angry\246-angry-liuchanhg.wav,angry
angry\246-angry-wangzhe.wav,angry
angry\246-angry-zhaoquanyin.wav,angry
angry\246-angry-ZhaoZuoxiang.wav,angry
angry\247-angry-liuchanhg.wav,angry
angry\247-angry-wangzhe.wav,angry
angry\247-angry-zhaoquanyin.wav,angry
angry\247-angry-ZhaoZuoxiang.wav,angry
angry\248-angry-liuchanhg.wav,angry
angry\248-angry-wangzhe.wav,angry
angry\248-angry-zhaoquanyin.wav,angry
angry\248-angry-ZhaoZuoxiang.wav,angry
angry\249-angry-liuchanhg.wav,angry
angry\249-angry-wangzhe.wav,angry
angry\249-angry-zhaoquanyin.wav,angry
angry\249-angry-ZhaoZuoxiang.wav,angry
angry\250-angry-liuchanhg.wav,angry
angry\250-angry-wangzhe.wav,angry
angry\250-angry-zhaoquanyin.wav,angry
angry\250-angry-ZhaoZuoxiang.wav,angry
fear\201-fear-liuchanhg.wav,fear
fear\201-fear-wangzhe.wav,fear
fear\201-fear-zhaoquanyin.wav,fear
fear\201-fear-ZhaoZuoxiang.wav,fear
fear\202-fear-liuchanhg.wav,fear
fear\202-fear-wangzhe.wav,fear
fear\202-fear-zhaoquanyin.wav,fear
fear\202-fear-ZhaoZuoxiang.wav,fear
fear\203-fear-liuchanhg.wav,fear
fear\203-fear-wangzhe.wav,fear
fear\203-fear-zhaoquanyin.wav,fear
fear\203-fear-ZhaoZuoxiang.wav,fear
fear\204-fear-liuchanhg.wav,fear
fear\204-fear-wangzhe.wav,fear
fear\204-fear-zhaoquanyin.wav,fear
fear\204-fear-ZhaoZuoxiang.wav,fear
fear\205-fear-liuchanhg.wav,fear
fear\205-fear-wangzhe.wav,fear
fear\205-fear-zhaoquanyin.wav,fear
fear\205-fear-ZhaoZuoxiang.wav,fear
fear\206-fear-liuchanhg.wav,fear
fear\206-fear-wangzhe.wav,fear
fear\206-fear-zhaoquanyin.wav,fear
fear\206-fear-ZhaoZuoxiang.wav,fear
fear\207-fear-liuchanhg.wav,fear
fear\207-fear-wangzhe.wav,fear
fear\207-fear-zhaoquanyin.wav,fear
fear\207-fear-ZhaoZuoxiang.wav,fear
fear\208-fear-liuchanhg.wav,fear
fear\208-fear-wangzhe.wav,fear
fear\208-fear-zhaoquanyin.wav,fear
fear\208-fear-ZhaoZuoxiang.wav,fear
fear\209-fear-liuchanhg.wav,fear
fear\209-fear-wangzhe.wav,fear
fear\209-fear-zhaoquanyin.wav,fear
fear\209-fear-ZhaoZuoxiang.wav,fear
fear\210-fear-liuchanhg.wav,fear
fear\210-fear-wangzhe.wav,fear
fear\210-fear-zhaoquanyin.wav,fear
fear\210-fear-ZhaoZuoxiang.wav,fear
fear\211-fear-liuchanhg.wav,fear
fear\211-fear-wangzhe.wav,fear
fear\211-fear-zhaoquanyin.wav,fear
fear\211-fear-ZhaoZuoxiang.wav,fear
fear\212-fear-liuchanhg.wav,fear
fear\212-fear-wangzhe.wav,fear
fear\212-fear-zhaoquanyin.wav,fear
fear\212-fear-ZhaoZuoxiang.wav,fear
fear\213-fear-liuchanhg.wav,fear
fear\213-fear-wangzhe.wav,fear
fear\213-fear-zhaoquanyin.wav,fear
fear\213-fear-ZhaoZuoxiang.wav,fear
fear\214-fear-liuchanhg.wav,fear
fear\214-fear-wangzhe.wav,fear
fear\214-fear-zhaoquanyin.wav,fear
fear\214-fear-ZhaoZuoxiang.wav,fear
fear\215-fear-liuchanhg.wav,fear
fear\215-fear-wangzhe.wav,fear
fear\215-fear-zhaoquanyin.wav,fear
fear\215-fear-ZhaoZuoxiang.wav,fear
fear\216-fear-liuchanhg.wav,fear
fear\216-fear-wangzhe.wav,fear
fear\216-fear-zhaoquanyin.wav,fear
fear\216-fear-ZhaoZuoxiang.wav,fear
fear\217-fear-liuchanhg.wav,fear
fear\217-fear-wangzhe.wav,fear
fear\217-fear-zhaoquanyin.wav,fear
fear\217-fear-ZhaoZuoxiang.wav,fear
fear\218-fear-liuchanhg.wav,fear
fear\218-fear-wangzhe.wav,fear
fear\218-fear-zhaoquanyin.wav,fear
fear\218-fear-ZhaoZuoxiang.wav,fear
fear\219-fear-liuchanhg.wav,fear
fear\219-fear-wangzhe.wav,fear
fear\219-fear-zhaoquanyin.wav,fear
fear\219-fear-ZhaoZuoxiang.wav,fear
fear\220-fear-liuchanhg.wav,fear
fear\220-fear-wangzhe.wav,fear
fear\220-fear-zhaoquanyin.wav,fear
fear\220-fear-ZhaoZuoxiang.wav,fear
fear\221-fear-liuchanhg.wav,fear
fear\221-fear-wangzhe.wav,fear
fear\221-fear-zhaoquanyin.wav,fear
fear\221-fear-ZhaoZuoxiang.wav,fear
fear\222-fear-liuchanhg.wav,fear
fear\222-fear-wangzhe.wav,fear
fear\222-fear-zhaoquanyin.wav,fear
fear\222-fear-ZhaoZuoxiang.wav,fear
fear\223-fear-liuchanhg.wav,fear
fear\223-fear-wangzhe.wav,fear
fear\223-fear-zhaoquanyin.wav,fear
fear\223-fear-ZhaoZuoxiang.wav,fear
fear\224-fear-liuchanhg.wav,fear
fear\224-fear-wangzhe.wav,fear
fear\224-fear-zhaoquanyin.wav,fear
fear\224-fear-ZhaoZuoxiang.wav,fear
fear\225-fear-liuchanhg.wav,fear
fear\225-fear-wangzhe.wav,fear
fear\225-fear-zhaoquanyin.wav,fear
fear\225-fear-ZhaoZuoxiang.wav,fear
fear\226-fear-liuchanhg.wav,fear
fear\226-fear-wangzhe.wav,fear
fear\226-fear-zhaoquanyin.wav,fear
fear\226-fear-ZhaoZuoxiang.wav,fear
fear\227-fear-liuchanhg.wav,fear
fear\227-fear-wangzhe.wav,fear
fear\227-fear-zhaoquanyin.wav,fear
fear\227-fear-ZhaoZuoxiang.wav,fear
fear\228-fear-liuchanhg.wav,fear
fear\228-fear-wangzhe.wav,fear
fear\228-fear-zhaoquanyin.wav,fear
fear\228-fear-ZhaoZuoxiang.wav,fear
fear\229-fear-liuchanhg.wav,fear
fear\229-fear-wangzhe.wav,fear
fear\229-fear-zhaoquanyin.wav,fear
fear\229-fear-ZhaoZuoxiang.wav,fear
fear\230-fear-liuchanhg.wav,fear
fear\230-fear-wangzhe.wav,fear
fear\230-fear-zhaoquanyin.wav,fear
fear\230-fear-ZhaoZuoxiang.wav,fear
fear\231-fear-liuchanhg.wav,fear
fear\231-fear-wangzhe.wav,fear
fear\231-fear-zhaoquanyin.wav,fear
fear\231-fear-ZhaoZuoxiang.wav,fear
fear\232-fear-liuchanhg.wav,fear
fear\232-fear-wangzhe.wav,fear
fear\232-fear-zhaoquanyin.wav,fear
fear\232-fear-ZhaoZuoxiang.wav,fear
fear\233-fear-liuchanhg.wav,fear
fear\233-fear-wangzhe.wav,fear
fear\233-fear-zhaoquanyin.wav,fear
fear\233-fear-ZhaoZuoxiang.wav,fear
fear\234-fear-liuchanhg.wav,fear
fear\234-fear-wangzhe.wav,fear
fear\234-fear-zhaoquanyin.wav,fear
fear\234-fear-ZhaoZuoxiang.wav,fear
fear\235-fear-liuchanhg.wav,fear
fear\235-fear-wangzhe.wav,fear
fear\235-fear-zhaoquanyin.wav,fear
fear\235-fear-ZhaoZuoxiang.wav,fear
fear\236-fear-liuchanhg.wav,fear
fear\236-fear-wangzhe.wav,fear
fear\236-fear-zhaoquanyin.wav,fear
fear\236-fear-ZhaoZuoxiang.wav,fear
fear\237-fear-liuchanhg.wav,fear
fear\237-fear-wangzhe.wav,fear
fear\237-fear-zhaoquanyin.wav,fear
fear\237-fear-ZhaoZuoxiang.wav,fear
fear\238-fear-liuchanhg.wav,fear
fear\238-fear-wangzhe.wav,fear
fear\238-fear-zhaoquanyin.wav,fear
fear\238-fear-ZhaoZuoxiang.wav,fear
fear\239-fear-liuchanhg.wav,fear
fear\239-fear-wangzhe.wav,fear
fear\239-fear-zhaoquanyin.wav,fear
fear\239-fear-ZhaoZuoxiang.wav,fear
fear\240-fear-liuchanhg.wav,fear
fear\240-fear-wangzhe.wav,fear
fear\240-fear-zhaoquanyin.wav,fear
fear\240-fear-ZhaoZuoxiang.wav,fear
fear\241-fear-liuchanhg.wav,fear
fear\241-fear-wangzhe.wav,fear
fear\241-fear-zhaoquanyin.wav,fear
fear\241-fear-ZhaoZuoxiang.wav,fear
fear\242-fear-liuchanhg.wav,fear
fear\242-fear-wangzhe.wav,fear
fear\242-fear-zhaoquanyin.wav,fear
fear\242-fear-ZhaoZuoxiang.wav,fear
fear\243-fear-liuchanhg.wav,fear
fear\243-fear-wangzhe.wav,fear
fear\243-fear-zhaoquanyin.wav,fear
fear\243-fear-ZhaoZuoxiang.wav,fear
fear\244-fear-liuchanhg.wav,fear
fear\244-fear-wangzhe.wav,fear
fear\244-fear-zhaoquanyin.wav,fear
fear\244-fear-ZhaoZuoxiang.wav,fear
fear\245-fear-liuchanhg.wav,fear
fear\245-fear-wangzhe.wav,fear
fear\245-fear-zhaoquanyin.wav,fear
fear\245-fear-ZhaoZuoxiang.wav,fear
fear\246-fear-liuchanhg.wav,fear
fear\246-fear-wangzhe.wav,fear
fear\246-fear-zhaoquanyin.wav,fear
fear\246-fear-ZhaoZuoxiang.wav,fear
fear\247-fear-liuchanhg.wav,fear
fear\247-fear-wangzhe.wav,fear
fear\247-fear-zhaoquanyin.wav,fear
fear\247-fear-ZhaoZuoxiang.wav,fear
fear\248-fear-liuchanhg.wav,fear
fear\248-fear-wangzhe.wav,fear
fear\248-fear-zhaoquanyin.wav,fear
fear\248-fear-ZhaoZuoxiang.wav,fear
fear\249-fear-liuchanhg.wav,fear
fear\249-fear-wangzhe.wav,fear
fear\249-fear-zhaoquanyin.wav,fear
fear\249-fear-ZhaoZuoxiang.wav,fear
fear\250-fear-liuchanhg.wav,fear
fear\250-fear-wangzhe.wav,fear
fear\250-fear-zhaoquanyin.wav,fear
fear\250-fear-ZhaoZuoxiang.wav,fear
happy\201-happy-liuchanhg.wav,happy
happy\201-happy-wangzhe.wav,happy
happy\201-happy-zhaoquanyin.wav,happy
happy\201-happy-ZhaoZuoxiang.wav,happy
happy\202-happy-liuchanhg.wav,happy
happy\202-happy-wangzhe.wav,happy
happy\202-happy-zhaoquanyin.wav,happy
happy\202-happy-ZhaoZuoxiang.wav,happy
happy\203-happy-liuchanhg.wav,happy
happy\203-happy-wangzhe.wav,happy
happy\203-happy-zhaoquanyin.wav,happy
happy\203-happy-ZhaoZuoxiang.wav,happy
happy\204-happy-liuchanhg.wav,happy
happy\204-happy-wangzhe.wav,happy
happy\204-happy-zhaoquanyin.wav,happy
happy\204-happy-ZhaoZuoxiang.wav,happy
happy\205-happy-liuchanhg.wav,happy
happy\205-happy-wangzhe.wav,happy
happy\205-happy-zhaoquanyin.wav,happy
happy\205-happy-ZhaoZuoxiang.wav,happy
happy\206-happy-liuchanhg.wav,happy
happy\206-happy-wangzhe.wav,happy
happy\206-happy-zhaoquanyin.wav,happy
happy\206-happy-ZhaoZuoxiang.wav,happy
happy\207-happy-liuchanhg.wav,happy
happy\207-happy-wangzhe.wav,happy
happy\207-happy-zhaoquanyin.wav,happy
happy\207-happy-ZhaoZuoxiang.wav,happy
happy\208-happy-liuchanhg.wav,happy
happy\208-happy-wangzhe.wav,happy
happy\208-happy-zhaoquanyin.wav,happy
happy\208-happy-ZhaoZuoxiang.wav,happy
happy\209-happy-liuchanhg.wav,happy
happy\209-happy-wangzhe.wav,happy
happy\209-happy-zhaoquanyin.wav,happy
happy\209-happy-ZhaoZuoxiang.wav,happy
happy\210-happy-liuchanhg.wav,happy
happy\210-happy-wangzhe.wav,happy
happy\210-happy-zhaoquanyin.wav,happy
happy\210-happy-ZhaoZuoxiang.wav,happy
happy\211-happy-liuchanhg.wav,happy
happy\211-happy-wangzhe.wav,happy
happy\211-happy-zhaoquanyin.wav,happy
happy\211-happy-ZhaoZuoxiang.wav,happy
happy\212-happy-liuchanhg.wav,happy
happy\212-happy-wangzhe.wav,happy
happy\212-happy-zhaoquanyin.wav,happy
happy\212-happy-ZhaoZuoxiang.wav,happy
happy\213-happy-liuchanhg.wav,happy
happy\213-happy-wangzhe.wav,happy
happy\213-happy-zhaoquanyin.wav,happy
happy\213-happy-ZhaoZuoxiang.wav,happy
happy\214-happy-liuchanhg.wav,happy
happy\214-happy-wangzhe.wav,happy
happy\214-happy-zhaoquanyin.wav,happy
happy\214-happy-ZhaoZuoxiang.wav,happy
happy\215-happy-liuchanhg.wav,happy
happy\215-happy-wangzhe.wav,happy
happy\215-happy-zhaoquanyin.wav,happy
happy\215-happy-ZhaoZuoxiang.wav,happy
happy\216-happy-liuchanhg.wav,happy
happy\216-happy-wangzhe.wav,happy
happy\216-happy-zhaoquanyin.wav,happy
happy\216-happy-ZhaoZuoxiang.wav,happy
happy\217-happy-liuchanhg.wav,happy
happy\217-happy-wangzhe.wav,happy
happy\217-happy-zhaoquanyin.wav,happy
happy\217-happy-ZhaoZuoxiang.wav,happy
happy\218-happy-liuchanhg.wav,happy
happy\218-happy-wangzhe.wav,happy
happy\218-happy-zhaoquanyin.wav,happy
happy\218-happy-ZhaoZuoxiang.wav,happy
happy\219-happy-liuchanhg.wav,happy
happy\219-happy-wangzhe.wav,happy
happy\219-happy-zhaoquanyin.wav,happy
happy\219-happy-ZhaoZuoxiang.wav,happy
happy\220-happy-liuchanhg.wav,happy
happy\220-happy-wangzhe.wav,happy
happy\220-happy-zhaoquanyin.wav,happy
happy\220-happy-ZhaoZuoxiang.wav,happy
happy\221-happy-liuchanhg.wav,happy
happy\221-happy-wangzhe.wav,happy
happy\221-happy-zhaoquanyin.wav,happy
happy\221-happy-ZhaoZuoxiang.wav,happy
happy\222-happy-liuchanhg.wav,happy
happy\222-happy-wangzhe.wav,happy
happy\222-happy-zhaoquanyin.wav,happy
happy\222-happy-ZhaoZuoxiang.wav,happy
happy\223-happy-liuchanhg.wav,happy
happy\223-happy-wangzhe.wav,happy
happy\223-happy-zhaoquanyin.wav,happy
happy\223-happy-ZhaoZuoxiang.wav,happy
happy\224-happy-liuchanhg.wav,happy
happy\224-happy-wangzhe.wav,happy
happy\224-happy-zhaoquanyin.wav,happy
happy\224-happy-ZhaoZuoxiang.wav,happy
happy\225-happy-liuchanhg.wav,happy
happy\225-happy-wangzhe.wav,happy
happy\225-happy-zhaoquanyin.wav,happy
happy\225-happy-ZhaoZuoxiang.wav,happy
happy\226-happy-liuchanhg.wav,happy
happy\226-happy-wangzhe.wav,happy
happy\226-happy-zhaoquanyin.wav,happy
happy\226-happy-ZhaoZuoxiang.wav,happy
happy\227-happy-liuchanhg.wav,happy
happy\227-happy-wangzhe.wav,happy
happy\227-happy-zhaoquanyin.wav,happy
happy\227-happy-ZhaoZuoxiang.wav,happy
happy\228-happy-liuchanhg.wav,happy
happy\228-happy-wangzhe.wav,happy
happy\228-happy-zhaoquanyin.wav,happy
happy\228-happy-ZhaoZuoxiang.wav,happy
happy\229-happy-liuchanhg.wav,happy
happy\229-happy-wangzhe.wav,happy
happy\229-happy-zhaoquanyin.wav,happy
happy\229-happy-ZhaoZuoxiang.wav,happy
happy\230-happy-liuchanhg.wav,happy
happy\230-happy-wangzhe.wav,happy
happy\230-happy-zhaoquanyin.wav,happy
happy\230-happy-ZhaoZuoxiang.wav,happy
happy\231-happy-liuchanhg.wav,happy
happy\231-happy-wangzhe.wav,happy
happy\231-happy-zhaoquanyin.wav,happy
happy\231-happy-ZhaoZuoxiang.wav,happy
happy\232-happy-liuchanhg.wav,happy
happy\232-happy-wangzhe.wav,happy
happy\232-happy-zhaoquanyin.wav,happy
happy\232-happy-ZhaoZuoxiang.wav,happy
happy\233-happy-liuchanhg.wav,happy
happy\233-happy-wangzhe.wav,happy
happy\233-happy-zhaoquanyin.wav,happy
happy\233-happy-ZhaoZuoxiang.wav,happy
happy\234-happy-liuchanhg.wav,happy
happy\234-happy-wangzhe.wav,happy
happy\234-happy-zhaoquanyin.wav,happy
happy\234-happy-ZhaoZuoxiang.wav,happy
happy\235-happy-liuchanhg.wav,happy
happy\235-happy-wangzhe.wav,happy
happy\235-happy-zhaoquanyin.wav,happy
happy\235-happy-ZhaoZuoxiang.wav,happy
happy\236-happy-liuchanhg.wav,happy
happy\236-happy-wangzhe.wav,happy
happy\236-happy-zhaoquanyin.wav,happy
happy\236-happy-ZhaoZuoxiang.wav,happy
happy\237-happy-liuchanhg.wav,happy
happy\237-happy-wangzhe.wav,happy
happy\237-happy-zhaoquanyin.wav,happy
happy\237-happy-ZhaoZuoxiang.wav,happy
happy\238-happy-liuchanhg.wav,happy
happy\238-happy-wangzhe.wav,happy
happy\238-happy-zhaoquanyin.wav,happy
happy\238-happy-ZhaoZuoxiang.wav,happy
happy\239-happy-liuchanhg.wav,happy
happy\239-happy-wangzhe.wav,happy
happy\239-happy-zhaoquanyin.wav,happy
happy\239-happy-ZhaoZuoxiang.wav,happy
happy\240-happy-liuchanhg.wav,happy
happy\240-happy-wangzhe.wav,happy
happy\240-happy-zhaoquanyin.wav,happy
happy\240-happy-ZhaoZuoxiang.wav,happy
happy\241-happy-liuchanhg.wav,happy
happy\241-happy-wangzhe.wav,happy
happy\241-happy-zhaoquanyin.wav,happy
happy\241-happy-ZhaoZuoxiang.wav,happy
happy\242-happy-liuchanhg.wav,happy
happy\242-happy-wangzhe.wav,happy
happy\242-happy-zhaoquanyin.wav,happy
happy\242-happy-ZhaoZuoxiang.wav,happy
happy\243-happy-liuchanhg.wav,happy
happy\243-happy-wangzhe.wav,happy
happy\243-happy-zhaoquanyin.wav,happy
happy\243-happy-ZhaoZuoxiang.wav,happy
happy\244-happy-liuchanhg.wav,happy
happy\244-happy-wangzhe.wav,happy
happy\244-happy-zhaoquanyin.wav,happy
happy\244-happy-ZhaoZuoxiang.wav,happy
happy\245-happy-liuchanhg.wav,happy
happy\245-happy-wangzhe.wav,happy
happy\245-happy-zhaoquanyin.wav,happy
happy\245-happy-ZhaoZuoxiang.wav,happy
happy\246-happy-liuchanhg.wav,happy
happy\246-happy-wangzhe.wav,happy
happy\246-happy-zhaoquanyin.wav,happy
happy\246-happy-ZhaoZuoxiang.wav,happy
happy\247-happy-liuchanhg.wav,happy
happy\247-happy-wangzhe.wav,happy
happy\247-happy-zhaoquanyin.wav,happy
happy\247-happy-ZhaoZuoxiang.wav,happy
happy\248-happy-liuchanhg.wav,happy
happy\248-happy-wangzhe.wav,happy
happy\248-happy-zhaoquanyin.wav,happy
happy\248-happy-ZhaoZuoxiang.wav,happy
happy\249-happy-liuchanhg.wav,happy
happy\249-happy-wangzhe.wav,happy
happy\249-happy-zhaoquanyin.wav,happy
happy\249-happy-ZhaoZuoxiang.wav,happy
happy\250-happy-liuchanhg.wav,happy
happy\250-happy-wangzhe.wav,happy
happy\250-happy-zhaoquanyin.wav,happy
happy\250-happy-ZhaoZuoxiang.wav,happy
neutral\201-neutral-liuchanhg.wav,neutral
neutral\201-neutral-wangzhe.wav,neutral
neutral\201-neutral-zhaoquanyin.wav,neutral
neutral\201-neutral-ZhaoZuoxiang.wav,neutral
neutral\202-neutral-liuchanhg.wav,neutral
neutral\202-neutral-wangzhe.wav,neutral
neutral\202-neutral-zhaoquanyin.wav,neutral
neutral\202-neutral-ZhaoZuoxiang.wav,neutral
neutral\203-neutral-liuchanhg.wav,neutral
neutral\203-neutral-wangzhe.wav,neutral
neutral\203-neutral-zhaoquanyin.wav,neutral
neutral\203-neutral-ZhaoZuoxiang.wav,neutral
neutral\204-neutral-liuchanhg.wav,neutral
neutral\204-neutral-wangzhe.wav,neutral
neutral\204-neutral-zhaoquanyin.wav,neutral
neutral\204-neutral-ZhaoZuoxiang.wav,neutral
neutral\205-neutral-liuchanhg.wav,neutral
neutral\205-neutral-wangzhe.wav,neutral
neutral\205-neutral-zhaoquanyin.wav,neutral
neutral\205-neutral-ZhaoZuoxiang.wav,neutral
neutral\206-neutral-liuchanhg.wav,neutral
neutral\206-neutral-wangzhe.wav,neutral
neutral\206-neutral-zhaoquanyin.wav,neutral
neutral\206-neutral-ZhaoZuoxiang.wav,neutral
neutral\207-neutral-liuchanhg.wav,neutral
neutral\207-neutral-wangzhe.wav,neutral
neutral\207-neutral-zhaoquanyin.wav,neutral
neutral\207-neutral-ZhaoZuoxiang.wav,neutral
neutral\208-neutral-liuchanhg.wav,neutral
neutral\208-neutral-wangzhe.wav,neutral
neutral\208-neutral-zhaoquanyin.wav,neutral
neutral\208-neutral-ZhaoZuoxiang.wav,neutral
neutral\209-neutral-liuchanhg.wav,neutral
neutral\209-neutral-wangzhe.wav,neutral
neutral\209-neutral-zhaoquanyin.wav,neutral
neutral\209-neutral-ZhaoZuoxiang.wav,neutral
neutral\210-neutral-liuchanhg.wav,neutral
neutral\210-neutral-wangzhe.wav,neutral
neutral\210-neutral-zhaoquanyin.wav,neutral
neutral\210-neutral-ZhaoZuoxiang.wav,neutral
neutral\211-neutral-liuchanhg.wav,neutral
neutral\211-neutral-wangzhe.wav,neutral
neutral\211-neutral-zhaoquanyin.wav,neutral
neutral\211-neutral-ZhaoZuoxiang.wav,neutral
neutral\212-neutral-liuchanhg.wav,neutral
neutral\212-neutral-wangzhe.wav,neutral
neutral\212-neutral-zhaoquanyin.wav,neutral
neutral\212-neutral-ZhaoZuoxiang.wav,neutral
neutral\213-neutral-liuchanhg.wav,neutral
neutral\213-neutral-wangzhe.wav,neutral
neutral\213-neutral-zhaoquanyin.wav,neutral
neutral\213-neutral-ZhaoZuoxiang.wav,neutral
neutral\214-neutral-liuchanhg.wav,neutral
neutral\214-neutral-wangzhe.wav,neutral
neutral\214-neutral-zhaoquanyin.wav,neutral
neutral\214-neutral-ZhaoZuoxiang.wav,neutral
neutral\215-neutral-liuchanhg.wav,neutral
neutral\215-neutral-wangzhe.wav,neutral
neutral\215-neutral-zhaoquanyin.wav,neutral
neutral\215-neutral-ZhaoZuoxiang.wav,neutral
neutral\216-neutral-liuchanhg.wav,neutral
neutral\216-neutral-wangzhe.wav,neutral
neutral\216-neutral-zhaoquanyin.wav,neutral
neutral\216-neutral-ZhaoZuoxiang.wav,neutral
neutral\217-neutral-liuchanhg.wav,neutral
neutral\217-neutral-wangzhe.wav,neutral
neutral\217-neutral-zhaoquanyin.wav,neutral
neutral\217-neutral-ZhaoZuoxiang.wav,neutral
neutral\218-neutral-liuchanhg.wav,neutral
neutral\218-neutral-wangzhe.wav,neutral
neutral\218-neutral-zhaoquanyin.wav,neutral
neutral\218-neutral-ZhaoZuoxiang.wav,neutral
neutral\219-neutral-liuchanhg.wav,neutral
neutral\219-neutral-wangzhe.wav,neutral
neutral\219-neutral-zhaoquanyin.wav,neutral
neutral\219-neutral-ZhaoZuoxiang.wav,neutral
neutral\220-neutral-liuchanhg.wav,neutral
neutral\220-neutral-wangzhe.wav,neutral
neutral\220-neutral-zhaoquanyin.wav,neutral
neutral\220-neutral-ZhaoZuoxiang.wav,neutral
neutral\221-neutral-liuchanhg.wav,neutral
neutral\221-neutral-wangzhe.wav,neutral
neutral\221-neutral-zhaoquanyin.wav,neutral
neutral\221-neutral-ZhaoZuoxiang.wav,neutral
neutral\222-neutral-liuchanhg.wav,neutral
neutral\222-neutral-wangzhe.wav,neutral
neutral\222-neutral-zhaoquanyin.wav,neutral
neutral\222-neutral-ZhaoZuoxiang.wav,neutral
neutral\223-neutral-liuchanhg.wav,neutral
neutral\223-neutral-wangzhe.wav,neutral
neutral\223-neutral-zhaoquanyin.wav,neutral
neutral\223-neutral-ZhaoZuoxiang.wav,neutral
neutral\224-neutral-liuchanhg.wav,neutral
neutral\224-neutral-wangzhe.wav,neutral
neutral\224-neutral-zhaoquanyin.wav,neutral
neutral\224-neutral-ZhaoZuoxiang.wav,neutral
neutral\225-neutral-liuchanhg.wav,neutral
neutral\225-neutral-wangzhe.wav,neutral
neutral\225-neutral-zhaoquanyin.wav,neutral
neutral\225-neutral-ZhaoZuoxiang.wav,neutral
neutral\226-neutral-liuchanhg.wav,neutral
neutral\226-neutral-wangzhe.wav,neutral
neutral\226-neutral-zhaoquanyin.wav,neutral
neutral\226-neutral-ZhaoZuoxiang.wav,neutral
neutral\227-neutral-liuchanhg.wav,neutral
neutral\227-neutral-wangzhe.wav,neutral
neutral\227-neutral-zhaoquanyin.wav,neutral
neutral\227-neutral-ZhaoZuoxiang.wav,neutral
neutral\228-neutral-liuchanhg.wav,neutral
neutral\228-neutral-wangzhe.wav,neutral
neutral\228-neutral-zhaoquanyin.wav,neutral
neutral\228-neutral-ZhaoZuoxiang.wav,neutral
neutral\229-neutral-liuchanhg.wav,neutral
neutral\229-neutral-wangzhe.wav,neutral
neutral\229-neutral-zhaoquanyin.wav,neutral
neutral\229-neutral-ZhaoZuoxiang.wav,neutral
neutral\230-neutral-liuchanhg.wav,neutral
neutral\230-neutral-wangzhe.wav,neutral
neutral\230-neutral-zhaoquanyin.wav,neutral
neutral\230-neutral-ZhaoZuoxiang.wav,neutral
neutral\231-neutral-liuchanhg.wav,neutral
neutral\231-neutral-wangzhe.wav,neutral
neutral\231-neutral-zhaoquanyin.wav,neutral
neutral\231-neutral-ZhaoZuoxiang.wav,neutral
neutral\232-neutral-liuchanhg.wav,neutral
neutral\232-neutral-wangzhe.wav,neutral
neutral\232-neutral-zhaoquanyin.wav,neutral
neutral\232-neutral-ZhaoZuoxiang.wav,neutral
neutral\233-neutral-liuchanhg.wav,neutral
neutral\233-neutral-wangzhe.wav,neutral
neutral\233-neutral-zhaoquanyin.wav,neutral
neutral\233-neutral-ZhaoZuoxiang.wav,neutral
neutral\234-neutral-liuchanhg.wav,neutral
neutral\234-neutral-wangzhe.wav,neutral
neutral\234-neutral-zhaoquanyin.wav,neutral
neutral\234-neutral-ZhaoZuoxiang.wav,neutral
neutral\235-neutral-liuchanhg.wav,neutral
neutral\235-neutral-wangzhe.wav,neutral
neutral\235-neutral-zhaoquanyin.wav,neutral
neutral\235-neutral-ZhaoZuoxiang.wav,neutral
neutral\236-neutral-liuchanhg.wav,neutral
neutral\236-neutral-wangzhe.wav,neutral
neutral\236-neutral-zhaoquanyin.wav,neutral
neutral\236-neutral-ZhaoZuoxiang.wav,neutral
neutral\237-neutral-liuchanhg.wav,neutral
neutral\237-neutral-wangzhe.wav,neutral
neutral\237-neutral-zhaoquanyin.wav,neutral
neutral\237-neutral-ZhaoZuoxiang.wav,neutral
neutral\238-neutral-liuchanhg.wav,neutral
neutral\238-neutral-wangzhe.wav,neutral
neutral\238-neutral-zhaoquanyin.wav,neutral
neutral\238-neutral-ZhaoZuoxiang.wav,neutral
neutral\239-neutral-liuchanhg.wav,neutral
neutral\239-neutral-wangzhe.wav,neutral
neutral\239-neutral-zhaoquanyin.wav,neutral
neutral\239-neutral-ZhaoZuoxiang.wav,neutral
neutral\240-neutral-liuchanhg.wav,neutral
neutral\240-neutral-wangzhe.wav,neutral
neutral\240-neutral-zhaoquanyin.wav,neutral
neutral\240-neutral-ZhaoZuoxiang.wav,neutral
neutral\241-neutral-liuchanhg.wav,neutral
neutral\241-neutral-wangzhe.wav,neutral
neutral\241-neutral-zhaoquanyin.wav,neutral
neutral\241-neutral-ZhaoZuoxiang.wav,neutral
neutral\242-neutral-liuchanhg.wav,neutral
neutral\242-neutral-wangzhe.wav,neutral
neutral\242-neutral-zhaoquanyin.wav,neutral
neutral\242-neutral-ZhaoZuoxiang.wav,neutral
neutral\243-neutral-liuchanhg.wav,neutral
neutral\243-neutral-wangzhe.wav,neutral
neutral\243-neutral-zhaoquanyin.wav,neutral
neutral\243-neutral-ZhaoZuoxiang.wav,neutral
neutral\244-neutral-liuchanhg.wav,neutral
neutral\244-neutral-wangzhe.wav,neutral
neutral\244-neutral-zhaoquanyin.wav,neutral
neutral\244-neutral-ZhaoZuoxiang.wav,neutral
neutral\245-neutral-liuchanhg.wav,neutral
neutral\245-neutral-wangzhe.wav,neutral
neutral\245-neutral-zhaoquanyin.wav,neutral
neutral\245-neutral-ZhaoZuoxiang.wav,neutral
neutral\246-neutral-liuchanhg.wav,neutral
neutral\246-neutral-wangzhe.wav,neutral
neutral\246-neutral-zhaoquanyin.wav,neutral
neutral\246-neutral-ZhaoZuoxiang.wav,neutral
neutral\247-neutral-liuchanhg.wav,neutral
neutral\247-neutral-wangzhe.wav,neutral
neutral\247-neutral-zhaoquanyin.wav,neutral
neutral\247-neutral-ZhaoZuoxiang.wav,neutral
neutral\248-neutral-liuchanhg.wav,neutral
neutral\248-neutral-wangzhe.wav,neutral
neutral\248-neutral-zhaoquanyin.wav,neutral
neutral\248-neutral-ZhaoZuoxiang.wav,neutral
neutral\249-neutral-liuchanhg.wav,neutral
neutral\249-neutral-wangzhe.wav,neutral
neutral\249-neutral-zhaoquanyin.wav,neutral
neutral\249-neutral-ZhaoZuoxiang.wav,neutral
neutral\250-neutral-liuchanhg.wav,neutral
neutral\250-neutral-wangzhe.wav,neutral
neutral\250-neutral-zhaoquanyin.wav,neutral
neutral\250-neutral-ZhaoZuoxiang.wav,neutral
sad\201-sad-liuchanhg.wav,sad
sad\201-sad-wangzhe.wav,sad
sad\201-sad-zhaoquanyin.wav,sad
sad\201-sad-ZhaoZuoxiang.wav,sad
sad\202-sad-liuchanhg.wav,sad
sad\202-sad-wangzhe.wav,sad
sad\202-sad-zhaoquanyin.wav,sad
sad\202-sad-ZhaoZuoxiang.wav,sad
sad\203-sad-liuchanhg.wav,sad
sad\203-sad-wangzhe.wav,sad
sad\203-sad-zhaoquanyin.wav,sad
sad\203-sad-ZhaoZuoxiang.wav,sad
sad\204-sad-liuchanhg.wav,sad
sad\204-sad-wangzhe.wav,sad
sad\204-sad-zhaoquanyin.wav,sad
sad\204-sad-ZhaoZuoxiang.wav,sad
sad\205-sad-liuchanhg.wav,sad
sad\205-sad-wangzhe.wav,sad
sad\205-sad-zhaoquanyin.wav,sad
sad\205-sad-ZhaoZuoxiang.wav,sad
sad\206-sad-liuchanhg.wav,sad
sad\206-sad-wangzhe.wav,sad
sad\206-sad-zhaoquanyin.wav,sad
sad\206-sad-ZhaoZuoxiang.wav,sad
sad\207-sad-liuchanhg.wav,sad
sad\207-sad-wangzhe.wav,sad
sad\207-sad-zhaoquanyin.wav,sad
sad\207-sad-ZhaoZuoxiang.wav,sad
sad\208-sad-liuchanhg.wav,sad
sad\208-sad-wangzhe.wav,sad
sad\208-sad-zhaoquanyin.wav,sad
sad\208-sad-ZhaoZuoxiang.wav,sad
sad\209-sad-liuchanhg.wav,sad
sad\209-sad-wangzhe.wav,sad
sad\209-sad-zhaoquanyin.wav,sad
sad\209-sad-ZhaoZuoxiang.wav,sad
sad\210-sad-liuchanhg.wav,sad
sad\210-sad-wangzhe.wav,sad
sad\210-sad-zhaoquanyin.wav,sad
sad\210-sad-ZhaoZuoxiang.wav,sad
sad\211-sad-liuchanhg.wav,sad
sad\211-sad-wangzhe.wav,sad
sad\211-sad-zhaoquanyin.wav,sad
sad\211-sad-ZhaoZuoxiang.wav,sad
sad\212-sad-liuchanhg.wav,sad
sad\212-sad-wangzhe.wav,sad
sad\212-sad-zhaoquanyin.wav,sad
sad\212-sad-ZhaoZuoxiang.wav,sad
sad\213-sad-liuchanhg.wav,sad
sad\213-sad-wangzhe.wav,sad
sad\213-sad-zhaoquanyin.wav,sad
sad\213-sad-ZhaoZuoxiang.wav,sad
sad\214-sad-liuchanhg.wav,sad
sad\214-sad-wangzhe.wav,sad
sad\214-sad-zhaoquanyin.wav,sad
sad\214-sad-ZhaoZuoxiang.wav,sad
sad\215-sad-liuchanhg.wav,sad
sad\215-sad-wangzhe.wav,sad
sad\215-sad-zhaoquanyin.wav,sad
sad\215-sad-ZhaoZuoxiang.wav,sad
sad\216-sad-liuchanhg.wav,sad
sad\216-sad-wangzhe.wav,sad
sad\216-sad-zhaoquanyin.wav,sad
sad\216-sad-ZhaoZuoxiang.wav,sad
sad\217-sad-liuchanhg.wav,sad
sad\217-sad-wangzhe.wav,sad
sad\217-sad-zhaoquanyin.wav,sad
sad\217-sad-ZhaoZuoxiang.wav,sad
sad\218-sad-liuchanhg.wav,sad
sad\218-sad-wangzhe.wav,sad
sad\218-sad-zhaoquanyin.wav,sad
sad\218-sad-ZhaoZuoxiang.wav,sad
sad\219-sad-liuchanhg.wav,sad
sad\219-sad-wangzhe.wav,sad
sad\219-sad-zhaoquanyin.wav,sad
sad\219-sad-ZhaoZuoxiang.wav,sad
sad\220-sad-liuchanhg.wav,sad
sad\220-sad-wangzhe.wav,sad
sad\220-sad-zhaoquanyin.wav,sad
sad\220-sad-ZhaoZuoxiang.wav,sad
sad\221-sad-liuchanhg.wav,sad
sad\221-sad-wangzhe.wav,sad
sad\221-sad-zhaoquanyin.wav,sad
sad\221-sad-ZhaoZuoxiang.wav,sad
sad\222-sad-liuchanhg.wav,sad
sad\222-sad-wangzhe.wav,sad
sad\222-sad-zhaoquanyin.wav,sad
sad\222-sad-ZhaoZuoxiang.wav,sad
sad\223-sad-liuchanhg.wav,sad
sad\223-sad-wangzhe.wav,sad
sad\223-sad-zhaoquanyin.wav,sad
sad\223-sad-ZhaoZuoxiang.wav,sad
sad\224-sad-liuchanhg.wav,sad
sad\224-sad-wangzhe.wav,sad
sad\224-sad-zhaoquanyin.wav,sad
sad\224-sad-ZhaoZuoxiang.wav,sad
sad\225-sad-liuchanhg.wav,sad
sad\225-sad-wangzhe.wav,sad
sad\225-sad-zhaoquanyin.wav,sad
sad\225-sad-ZhaoZuoxiang.wav,sad
sad\226-sad-liuchanhg.wav,sad
sad\226-sad-wangzhe.wav,sad
sad\226-sad-zhaoquanyin.wav,sad
sad\226-sad-ZhaoZuoxiang.wav,sad
sad\227-sad-liuchanhg.wav,sad
sad\227-sad-wangzhe.wav,sad
sad\227-sad-zhaoquanyin.wav,sad
sad\227-sad-ZhaoZuoxiang.wav,sad
sad\228-sad-liuchanhg.wav,sad
sad\228-sad-wangzhe.wav,sad
sad\228-sad-zhaoquanyin.wav,sad
sad\228-sad-ZhaoZuoxiang.wav,sad
sad\229-sad-liuchanhg.wav,sad
sad\229-sad-wangzhe.wav,sad
sad\229-sad-zhaoquanyin.wav,sad
sad\229-sad-ZhaoZuoxiang.wav,sad
sad\230-sad-liuchanhg.wav,sad
sad\230-sad-wangzhe.wav,sad
sad\230-sad-zhaoquanyin.wav,sad
sad\230-sad-ZhaoZuoxiang.wav,sad
sad\231-sad-liuchanhg.wav,sad
sad\231-sad-wangzhe.wav,sad
sad\231-sad-zhaoquanyin.wav,sad
sad\231-sad-ZhaoZuoxiang.wav,sad
sad\232-sad-liuchanhg.wav,sad
sad\232-sad-wangzhe.wav,sad
sad\232-sad-zhaoquanyin.wav,sad
sad\232-sad-ZhaoZuoxiang.wav,sad
sad\233-sad-liuchanhg.wav,sad
sad\233-sad-wangzhe.wav,sad
sad\233-sad-zhaoquanyin.wav,sad
sad\233-sad-ZhaoZuoxiang.wav,sad
sad\234-sad-liuchanhg.wav,sad
sad\234-sad-wangzhe.wav,sad
sad\234-sad-zhaoquanyin.wav,sad
sad\234-sad-ZhaoZuoxiang.wav,sad
sad\235-sad-liuchanhg.wav,sad
sad\235-sad-wangzhe.wav,sad
sad\235-sad-zhaoquanyin.wav,sad
sad\235-sad-ZhaoZuoxiang.wav,sad
sad\236-sad-liuchanhg.wav,sad
sad\236-sad-wangzhe.wav,sad
sad\236-sad-zhaoquanyin.wav,sad
sad\236-sad-ZhaoZuoxiang.wav,sad
sad\237-sad-liuchanhg.wav,sad
sad\237-sad-wangzhe.wav,sad
sad\237-sad-zhaoquanyin.wav,sad
sad\237-sad-ZhaoZuoxiang.wav,sad
sad\238-sad-liuchanhg.wav,sad
sad\238-sad-wangzhe.wav,sad
sad\238-sad-zhaoquanyin.wav,sad
sad\238-sad-ZhaoZuoxiang.wav,sad
sad\239-sad-liuchanhg.wav,sad
sad\239-sad-wangzhe.wav,sad
sad\239-sad-zhaoquanyin.wav,sad
sad\239-sad-ZhaoZuoxiang.wav,sad
sad\240-sad-liuchanhg.wav,sad
sad\240-sad-wangzhe.wav,sad
sad\240-sad-zhaoquanyin.wav,sad
sad\240-sad-ZhaoZuoxiang.wav,sad
sad\241-sad-liuchanhg.wav,sad
sad\241-sad-wangzhe.wav,sad
sad\241-sad-zhaoquanyin.wav,sad
sad\241-sad-ZhaoZuoxiang.wav,sad
sad\242-sad-liuchanhg.wav,sad
sad\242-sad-wangzhe.wav,sad
sad\242-sad-zhaoquanyin.wav,sad
sad\242-sad-ZhaoZuoxiang.wav,sad
sad\243-sad-liuchanhg.wav,sad
sad\243-sad-wangzhe.wav,sad
sad\243-sad-zhaoquanyin.wav,sad
sad\243-sad-ZhaoZuoxiang.wav,sad
sad\244-sad-liuchanhg.wav,sad
sad\244-sad-wangzhe.wav,sad
sad\244-sad-zhaoquanyin.wav,sad
sad\244-sad-ZhaoZuoxiang.wav,sad
sad\245-sad-liuchanhg.wav,sad
sad\245-sad-wangzhe.wav,sad
sad\245-sad-zhaoquanyin.wav,sad
sad\245-sad-ZhaoZuoxiang.wav,sad
sad\246-sad-liuchanhg.wav,sad
sad\246-sad-wangzhe.wav,sad
sad\246-sad-zhaoquanyin.wav,sad
sad\246-sad-ZhaoZuoxiang.wav,sad
sad\247-sad-liuchanhg.wav,sad
sad\247-sad-wangzhe.wav,sad
sad\247-sad-zhaoquanyin.wav,sad
sad\247-sad-ZhaoZuoxiang.wav,sad
sad\248-sad-liuchanhg.wav,sad
sad\248-sad-wangzhe.wav,sad
sad\248-sad-zhaoquanyin.wav,sad
sad\248-sad-ZhaoZuoxiang.wav,sad
sad\249-sad-liuchanhg.wav,sad
sad\249-sad-wangzhe.wav,sad
sad\249-sad-zhaoquanyin.wav,sad
sad\249-sad-ZhaoZuoxiang.wav,sad
sad\250-sad-liuchanhg.wav,sad
sad\250-sad-wangzhe.wav,sad
sad\250-sad-zhaoquanyin.wav,sad
sad\250-sad-ZhaoZuoxiang.wav,sad
surprise\201-surprise-liuchanhg.wav,surprise
surprise\201-surprise-wangzhe.wav,surprise
surprise\201-surprise-zhaoquanyin.wav,surprise
surprise\201-surprise-ZhaoZuoxiang.wav,surprise
surprise\202-surprise-liuchanhg.wav,surprise
surprise\202-surprise-wangzhe.wav,surprise
surprise\202-surprise-zhaoquanyin.wav,surprise
surprise\202-surprise-ZhaoZuoxiang.wav,surprise
surprise\203-surprise-liuchanhg.wav,surprise
surprise\203-surprise-wangzhe.wav,surprise
surprise\203-surprise-zhaoquanyin.wav,surprise
surprise\203-surprise-ZhaoZuoxiang.wav,surprise
surprise\204-surprise-liuchanhg.wav,surprise
surprise\204-surprise-wangzhe.wav,surprise
surprise\204-surprise-zhaoquanyin.wav,surprise
surprise\204-surprise-ZhaoZuoxiang.wav,surprise
surprise\205-surprise-liuchanhg.wav,surprise
surprise\205-surprise-wangzhe.wav,surprise
surprise\205-surprise-zhaoquanyin.wav,surprise
surprise\205-surprise-ZhaoZuoxiang.wav,surprise
surprise\206-surprise-liuchanhg.wav,surprise
surprise\206-surprise-wangzhe.wav,surprise
surprise\206-surprise-zhaoquanyin.wav,surprise
surprise\206-surprise-ZhaoZuoxiang.wav,surprise
surprise\207-surprise-liuchanhg.wav,surprise
surprise\207-surprise-wangzhe.wav,surprise
surprise\207-surprise-zhaoquanyin.wav,surprise
surprise\207-surprise-ZhaoZuoxiang.wav,surprise
surprise\208-surprise-liuchanhg.wav,surprise
surprise\208-surprise-wangzhe.wav,surprise
surprise\208-surprise-zhaoquanyin.wav,surprise
surprise\208-surprise-ZhaoZuoxiang.wav,surprise
surprise\209-surprise-liuchanhg.wav,surprise
surprise\209-surprise-wangzhe.wav,surprise
surprise\209-surprise-zhaoquanyin.wav,surprise
surprise\209-surprise-ZhaoZuoxiang.wav,surprise
surprise\210-surprise-liuchanhg.wav,surprise
surprise\210-surprise-wangzhe.wav,surprise
surprise\210-surprise-zhaoquanyin.wav,surprise
surprise\210-surprise-ZhaoZuoxiang.wav,surprise
surprise\211-surprise-liuchanhg.wav,surprise
surprise\211-surprise-wangzhe.wav,surprise
surprise\211-surprise-zhaoquanyin.wav,surprise
surprise\211-surprise-ZhaoZuoxiang.wav,surprise
surprise\212-surprise-liuchanhg.wav,surprise
surprise\212-surprise-wangzhe.wav,surprise
surprise\212-surprise-zhaoquanyin.wav,surprise
surprise\212-surprise-ZhaoZuoxiang.wav,surprise
surprise\213-surprise-liuchanhg.wav,surprise
surprise\213-surprise-wangzhe.wav,surprise
surprise\213-surprise-zhaoquanyin.wav,surprise
surprise\213-surprise-ZhaoZuoxiang.wav,surprise
surprise\214-surprise-liuchanhg.wav,surprise
surprise\214-surprise-wangzhe.wav,surprise
surprise\214-surprise-zhaoquanyin.wav,surprise
surprise\214-surprise-ZhaoZuoxiang.wav,surprise
surprise\215-surprise-liuchanhg.wav,surprise
surprise\215-surprise-wangzhe.wav,surprise
surprise\215-surprise-zhaoquanyin.wav,surprise
surprise\215-surprise-ZhaoZuoxiang.wav,surprise
surprise\216-surprise-liuchanhg.wav,surprise
surprise\216-surprise-wangzhe.wav,surprise
surprise\216-surprise-zhaoquanyin.wav,surprise
surprise\216-surprise-ZhaoZuoxiang.wav,surprise
surprise\217-surprise-liuchanhg.wav,surprise
surprise\217-surprise-wangzhe.wav,surprise
surprise\217-surprise-zhaoquanyin.wav,surprise
surprise\217-surprise-ZhaoZuoxiang.wav,surprise
surprise\218-surprise-liuchanhg.wav,surprise
surprise\218-surprise-wangzhe.wav,surprise
surprise\218-surprise-zhaoquanyin.wav,surprise
surprise\218-surprise-ZhaoZuoxiang.wav,surprise
surprise\219-surprise-liuchanhg.wav,surprise
surprise\219-surprise-wangzhe.wav,surprise
surprise\219-surprise-zhaoquanyin.wav,surprise
surprise\219-surprise-ZhaoZuoxiang.wav,surprise
surprise\220-surprise-liuchanhg.wav,surprise
surprise\220-surprise-wangzhe.wav,surprise
surprise\220-surprise-zhaoquanyin.wav,surprise
surprise\220-surprise-ZhaoZuoxiang.wav,surprise
surprise\221-surprise-liuchanhg.wav,surprise
surprise\221-surprise-wangzhe.wav,surprise
surprise\221-surprise-zhaoquanyin.wav,surprise
surprise\221-surprise-ZhaoZuoxiang.wav,surprise
surprise\222-surprise-liuchanhg.wav,surprise
surprise\222-surprise-wangzhe.wav,surprise
surprise\222-surprise-zhaoquanyin.wav,surprise
surprise\222-surprise-ZhaoZuoxiang.wav,surprise
surprise\223-surprise-liuchanhg.wav,surprise
surprise\223-surprise-wangzhe.wav,surprise
surprise\223-surprise-zhaoquanyin.wav,surprise
surprise\223-surprise-ZhaoZuoxiang.wav,surprise
surprise\224-surprise-liuchanhg.wav,surprise
surprise\224-surprise-wangzhe.wav,surprise
surprise\224-surprise-zhaoquanyin.wav,surprise
surprise\224-surprise-ZhaoZuoxiang.wav,surprise
surprise\225-surprise-liuchanhg.wav,surprise
surprise\225-surprise-wangzhe.wav,surprise
surprise\225-surprise-zhaoquanyin.wav,surprise
surprise\225-surprise-ZhaoZuoxiang.wav,surprise
surprise\226-surprise-liuchanhg.wav,surprise
surprise\226-surprise-wangzhe.wav,surprise
surprise\226-surprise-zhaoquanyin.wav,surprise
surprise\226-surprise-ZhaoZuoxiang.wav,surprise
surprise\227-surprise-liuchanhg.wav,surprise
surprise\227-surprise-wangzhe.wav,surprise
surprise\227-surprise-zhaoquanyin.wav,surprise
surprise\227-surprise-ZhaoZuoxiang.wav,surprise
surprise\228-surprise-liuchanhg.wav,surprise
surprise\228-surprise-wangzhe.wav,surprise
surprise\228-surprise-zhaoquanyin.wav,surprise
surprise\228-surprise-ZhaoZuoxiang.wav,surprise
surprise\229-surprise-liuchanhg.wav,surprise
surprise\229-surprise-wangzhe.wav,surprise
surprise\229-surprise-zhaoquanyin.wav,surprise
surprise\229-surprise-ZhaoZuoxiang.wav,surprise
surprise\230-surprise-liuchanhg.wav,surprise
surprise\230-surprise-wangzhe.wav,surprise
surprise\230-surprise-zhaoquanyin.wav,surprise
surprise\230-surprise-ZhaoZuoxiang.wav,surprise
surprise\231-surprise-liuchanhg.wav,surprise
surprise\231-surprise-wangzhe.wav,surprise
surprise\231-surprise-zhaoquanyin.wav,surprise
surprise\231-surprise-ZhaoZuoxiang.wav,surprise
surprise\232-surprise-liuchanhg.wav,surprise
surprise\232-surprise-wangzhe.wav,surprise
surprise\232-surprise-zhaoquanyin.wav,surprise
surprise\232-surprise-ZhaoZuoxiang.wav,surprise
surprise\233-surprise-liuchanhg.wav,surprise
surprise\233-surprise-wangzhe.wav,surprise
surprise\233-surprise-zhaoquanyin.wav,surprise
surprise\233-surprise-ZhaoZuoxiang.wav,surprise
surprise\234-surprise-liuchanhg.wav,surprise
surprise\234-surprise-wangzhe.wav,surprise
surprise\234-surprise-zhaoquanyin.wav,surprise
surprise\234-surprise-ZhaoZuoxiang.wav,surprise
surprise\235-surprise-liuchanhg.wav,surprise
surprise\235-surprise-wangzhe.wav,surprise
surprise\235-surprise-zhaoquanyin.wav,surprise
surprise\235-surprise-ZhaoZuoxiang.wav,surprise
surprise\236-surprise-liuchanhg.wav,surprise
surprise\236-surprise-wangzhe.wav,surprise
surprise\236-surprise-zhaoquanyin.wav,surprise
surprise\236-surprise-ZhaoZuoxiang.wav,surprise
surprise\237-surprise-liuchanhg.wav,surprise
surprise\237-surprise-wangzhe.wav,surprise
surprise\237-surprise-zhaoquanyin.wav,surprise
surprise\237-surprise-ZhaoZuoxiang.wav,surprise
surprise\238-surprise-liuchanhg.wav,surprise
surprise\238-surprise-wangzhe.wav,surprise
surprise\238-surprise-zhaoquanyin.wav,surprise
surprise\238-surprise-ZhaoZuoxiang.wav,surprise
surprise\239-surprise-liuchanhg.wav,surprise
surprise\239-surprise-wangzhe.wav,surprise
surprise\239-surprise-zhaoquanyin.wav,surprise
surprise\239-surprise-ZhaoZuoxiang.wav,surprise
surprise\240-surprise-liuchanhg.wav,surprise
surprise\240-surprise-wangzhe.wav,surprise
surprise\240-surprise-zhaoquanyin.wav,surprise
surprise\240-surprise-ZhaoZuoxiang.wav,surprise
surprise\241-surprise-liuchanhg.wav,surprise
surprise\241-surprise-wangzhe.wav,surprise
surprise\241-surprise-zhaoquanyin.wav,surprise
surprise\241-surprise-ZhaoZuoxiang.wav,surprise
surprise\242-surprise-liuchanhg.wav,surprise
surprise\242-surprise-wangzhe.wav,surprise
surprise\242-surprise-zhaoquanyin.wav,surprise
surprise\242-surprise-ZhaoZuoxiang.wav,surprise
surprise\243-surprise-liuchanhg.wav,surprise
surprise\243-surprise-wangzhe.wav,surprise
surprise\243-surprise-zhaoquanyin.wav,surprise
surprise\243-surprise-ZhaoZuoxiang.wav,surprise
surprise\244-surprise-liuchanhg.wav,surprise
surprise\244-surprise-wangzhe.wav,surprise
surprise\244-surprise-zhaoquanyin.wav,surprise
surprise\244-surprise-ZhaoZuoxiang.wav,surprise
surprise\245-surprise-liuchanhg.wav,surprise
surprise\245-surprise-wangzhe.wav,surprise
surprise\245-surprise-zhaoquanyin.wav,surprise
surprise\245-surprise-ZhaoZuoxiang.wav,surprise
surprise\246-surprise-liuchanhg.wav,surprise
surprise\246-surprise-wangzhe.wav,surprise
surprise\246-surprise-zhaoquanyin.wav,surprise
surprise\246-surprise-ZhaoZuoxiang.wav,surprise
surprise\247-surprise-liuchanhg.wav,surprise
surprise\247-surprise-wangzhe.wav,surprise
surprise\247-surprise-zhaoquanyin.wav,surprise
surprise\247-surprise-ZhaoZuoxiang.wav,surprise
surprise\248-surprise-liuchanhg.wav,surprise
surprise\248-surprise-wangzhe.wav,surprise
surprise\248-surprise-zhaoquanyin.wav,surprise
surprise\248-surprise-ZhaoZuoxiang.wav,surprise
surprise\249-surprise-liuchanhg.wav,surprise
surprise\249-surprise-wangzhe.wav,surprise
surprise\249-surprise-zhaoquanyin.wav,surprise
surprise\249-surprise-ZhaoZuoxiang.wav,surprise
surprise\250-surprise-liuchanhg.wav,surprise
surprise\250-surprise-wangzhe.wav,surprise
surprise\250-surprise-zhaoquanyin.wav,surprise
surprise\250-surprise-ZhaoZuoxiang.wav,surprise
